id,first_name,last_name,email,gender,ip_address
1,Tudor,Checcuzzi,tcheccuzzi0@blogspot.com,Male,156.209.125.183
2,Minne,Steel,msteel1@printfriendly.com,Female,107.105.19.142
3,Idalina,Billingsly,ibillingsly2@hud.gov,Female,20.93.114.233
4,Juditha,McGuggy,jmcguggy3@cbc.ca,Female,255.182.245.84
5,Addi,Larcier,alarcier4@pcworld.com,Female,50.90.255.186
6,Colman,Tinmouth,ctinmouth5@about.com,Male,234.49.53.98
7,Klara,Inskipp,kinskipp6@google.nl,Female,139.103.123.1
8,Linn,Dell Casa,ldellcasa7@va.gov,Male,170.158.111.17
9,Alexine,Muffin,amuffin8@google.es,Female,58.141.142.238
10,Trixie,Stilgoe,tstilgoe9@google.fr,Female,16.248.35.169
11,Martica,Yushachkov,myushachkova@sakura.ne.jp,Female,41.224.105.92
12,Lawry,Gozzett,lgozzettb@51.la,Male,191.251.129.146
13,Tracey,Blackston,tblackstonc@cyberchimps.com,Female,18.139.88.29
14,Roxane,Kumar,rkumard@blogtalkradio.com,Female,157.179.142.102
15,Julienne,Harland,jharlande@vimeo.com,Female,97.83.68.173
16,Octavia,Hampton,ohamptonf@elegantthemes.com,Female,8.61.96.158
17,Korey,Ludlem,kludlemg@nyu.edu,Male,89.130.40.199
18,Berny,MacNeill,bmacneillh@exblog.jp,Male,177.121.201.214
19,Ottilie,Blayney,oblayneyi@jigsy.com,Female,72.87.165.86
20,Lulita,Budgen,lbudgenj@hugedomains.com,Female,2.36.171.238
21,Dell,Gillino,dgillinok@histats.com,Male,238.86.141.103
22,Niall,Taylerson,ntaylersonl@narod.ru,Male,200.83.218.18
23,Cyrus,Ducaen,cducaenm@xing.com,Male,20.228.47.193
24,Giavani,Fabler,gfablern@apache.org,Male,161.91.217.203
25,Juliet,Dudleston,jdudlestono@sina.com.cn,Female,221.6.137.140
26,Isabel,Stileman,istilemanp@cisco.com,Female,118.103.150.80
27,Dar,Foran,dforanq@dot.gov,Male,95.55.103.43
28,Toiboid,Garrigan,tgarriganr@sciencedaily.com,Male,152.247.176.138
29,Harold,Cluley,hcluleys@intel.com,Male,35.33.41.180
30,Terry,Claessens,tclaessenst@about.me,Male,62.101.212.230
31,Blanche,Lampkin,blampkinu@surveymonkey.com,Female,158.12.144.220
32,Ignacio,Sarra,isarrav@vk.com,Male,242.204.185.187
33,Quentin,McPhillips,qmcphillipsw@shop-pro.jp,Male,26.165.77.155
34,Benedicto,Malatalant,bmalatalantx@deliciousdays.com,Male,128.210.145.152
35,Budd,Gommey,bgommeyy@chronoengine.com,Male,28.95.196.223
36,Perl,Lechelle,plechellez@cisco.com,Female,137.44.243.34
37,Faber,Smerdon,fsmerdon10@hostgator.com,Male,187.247.203.41
38,Belita,Dumblton,bdumblton11@dmoz.org,Female,54.181.187.163
39,Flem,Risson,frisson12@si.edu,Male,219.92.172.180
40,De,Sebright,dsebright13@angelfire.com,Female,251.28.171.52
41,Giacinta,Lambert,glambert14@toplist.cz,Female,234.118.221.104
42,Bethena,Gooday,bgooday15@nbcnews.com,Female,249.173.49.134
43,Gualterio,Pluvier,gpluvier16@army.mil,Male,98.80.77.178
44,Heddi,Dobsons,hdobsons17@timesonline.co.uk,Female,109.236.130.199
45,Cara,Tolfrey,ctolfrey18@comcast.net,Female,29.85.64.162
46,Fairleigh,Gibbs,fgibbs19@toplist.cz,Male,121.85.114.128
47,Terrijo,Rothert,trothert1a@sogou.com,Female,3.242.207.236
48,Jeddy,Franca,jfranca1b@feedburner.com,Male,0.203.96.34
49,Megen,Fley,mfley1c@fda.gov,Female,36.235.246.127
50,Donny,Hitschke,dhitschke1d@discovery.com,Female,84.231.58.147
51,Gary,Pinn,gpinn1e@wired.com,Male,168.144.55.69
52,Corbie,Haacker,chaacker1f@marketwatch.com,Male,132.139.152.106
53,Morgen,McTrustey,mmctrustey1g@ask.com,Female,168.50.33.205
54,Helena,Antoniou,hantoniou1h@pen.io,Female,10.150.15.195
55,Urbano,Ramsey,uramsey1i@usatoday.com,Male,97.17.34.84
56,Pansy,Follan,pfollan1j@nih.gov,Female,48.156.43.91
57,Henri,Lorincz,hlorincz1k@google.com,Male,39.215.162.143
58,Clywd,Starte,cstarte1l@ft.com,Male,135.194.128.169
59,Danyelle,Winscum,dwinscum1m@senate.gov,Female,226.204.75.35
60,Leyla,Lundbeck,llundbeck1n@reverbnation.com,Female,72.187.223.168
61,Melli,Saldler,msaldler1o@un.org,Female,106.88.253.120
62,Mehetabel,Errett,merrett1p@stanford.edu,Female,101.60.46.190
63,Nancey,Garatty,ngaratty1q@last.fm,Female,176.77.61.205
64,Federica,Loche,floche1r@nationalgeographic.com,Female,233.37.93.232
65,Dalt,MacQuarrie,dmacquarrie1s@ustream.tv,Male,217.161.51.160
66,Basil,Glazyer,bglazyer1t@wiley.com,Male,160.26.147.133
67,Deeanne,Dutnell,ddutnell1u@uol.com.br,Female,178.249.68.32
68,Conni,Kienlein,ckienlein1v@stanford.edu,Female,100.129.29.69
69,Brock,Sapena,bsapena1w@twitter.com,Male,92.165.28.117
70,Cristina,MacGettigen,cmacgettigen1x@google.com.hk,Female,4.38.167.121
71,Alphonso,Alleyne,aalleyne1y@amazon.co.uk,Male,57.123.51.42
72,Faustine,Bartelot,fbartelot1z@marriott.com,Female,154.44.150.39
73,Marcelle,Shinn,mshinn20@printfriendly.com,Female,122.43.166.188
74,Sibyl,Wycliffe,swycliffe21@admin.ch,Female,8.131.50.212
75,Ernie,Milverton,emilverton22@bloglines.com,Male,55.99.33.123
76,Sharla,Weavers,sweavers23@nsw.gov.au,Female,159.27.222.199
77,Aubert,Steart,asteart24@telegraph.co.uk,Male,115.215.217.146
78,Bernetta,Pinder,bpinder25@wikia.com,Female,165.212.20.23
79,Billie,Gapper,bgapper26@163.com,Female,56.108.84.153
80,Tani,Teligin,tteligin27@jalbum.net,Female,240.173.121.32
81,Paddie,Digman,pdigman28@wikispaces.com,Male,27.251.246.104
82,Leslie,Rowett,lrowett29@php.net,Female,194.6.182.91
83,Pavla,Pinks,ppinks2a@simplemachines.org,Female,187.110.16.164
84,Dyana,Bannister,dbannister2b@github.io,Female,165.115.235.45
85,Cristie,Parell,cparell2c@baidu.com,Female,204.114.209.122
86,Gar,Sudddard,gsudddard2d@theguardian.com,Male,7.137.102.75
87,Wes,Rushman,wrushman2e@usgs.gov,Male,118.13.169.96
88,Amara,Origan,aorigan2f@earthlink.net,Female,160.140.231.169
89,Prissie,Marunchak,pmarunchak2g@google.com.br,Female,74.109.44.115
90,Gannon,Parkyn,gparkyn2h@walmart.com,Male,40.122.46.130
91,Janeva,Chislett,jchislett2i@disqus.com,Female,158.118.150.173
92,Addie,Keilloh,akeilloh2j@ehow.com,Male,242.20.20.99
93,Kala,Campes,kcampes2k@shop-pro.jp,Female,151.195.65.31
94,Venus,Baccup,vbaccup2l@moonfruit.com,Female,59.114.190.103
95,Carla,Porritt,cporritt2m@twitpic.com,Female,229.77.105.22
96,Erminia,Ridewood,eridewood2n@techcrunch.com,Female,100.12.155.229
97,Gayle,Maw,gmaw2o@jalbum.net,Male,245.69.232.11
98,Tore,Storer,tstorer2p@free.fr,Male,92.226.123.79
99,Edie,Sacaze,esacaze2q@odnoklassniki.ru,Female,204.83.71.103
100,Artemis,Daverin,adaverin2r@seattletimes.com,Male,255.123.190.110
101,Claudelle,Newstead,cnewstead2s@bluehost.com,Female,37.222.151.108
102,Raven,Pessolt,rpessolt2t@sohu.com,Female,102.122.82.73
103,Jason,Teaser,jteaser2u@vistaprint.com,Male,230.71.99.26
104,Dacey,Peiro,dpeiro2v@washington.edu,Female,176.220.183.118
105,Carey,Durrett,cdurrett2w@mtv.com,Male,145.148.155.10
106,Cristen,Weatherby,cweatherby2x@vistaprint.com,Female,65.32.114.203
107,Angy,Szimoni,aszimoni2y@aol.com,Female,38.88.112.46
108,Gracie,Sumshon,gsumshon2z@etsy.com,Female,15.228.97.134
109,Donall,Milmore,dmilmore30@intel.com,Male,112.248.68.163
110,Deni,Berkelay,dberkelay31@addtoany.com,Female,248.214.116.113
111,Maire,Kirkland,mkirkland32@merriam-webster.com,Female,107.80.108.210
112,Nanci,Upson,nupson33@goodreads.com,Female,221.52.29.25
113,Wilhelm,Daughton,wdaughton34@go.com,Male,250.133.222.178
114,Julietta,Wiggins,jwiggins35@ihg.com,Female,127.68.163.106
115,Dudley,Maryan,dmaryan36@clickbank.net,Male,244.239.34.11
116,Moe,Stammler,mstammler37@tripod.com,Male,89.145.226.192
117,Wynne,Schruur,wschruur38@blogger.com,Female,72.60.11.66
118,Tye,Welden,twelden39@nationalgeographic.com,Male,32.125.83.67
119,Samuel,Busfield,sbusfield3a@statcounter.com,Male,101.102.133.131
120,Tedd,Ogborne,togborne3b@opensource.org,Male,89.140.52.142
121,Thaxter,Edgeson,tedgeson3c@dagondesign.com,Male,182.37.21.231
122,Shermie,Dyett,sdyett3d@google.es,Male,66.160.154.15
123,Eli,Gillino,egillino3e@walmart.com,Male,73.106.144.177
124,Archer,De Cristofalo,adecristofalo3f@cyberchimps.com,Male,191.72.88.196
125,Braden,Forrestill,bforrestill3g@bloglovin.com,Male,138.100.62.109
126,Brion,Mc Gee,bmcgee3h@whitehouse.gov,Male,225.215.181.51
127,Rand,Tarn,rtarn3i@youku.com,Male,156.224.241.195
128,Pierette,Yockney,pyockney3j@google.co.uk,Female,236.222.16.144
129,Caspar,Skegg,cskegg3k@odnoklassniki.ru,Male,222.94.132.21
130,Nicki,Issitt,nissitt3l@a8.net,Female,190.64.167.63
131,Culley,Logesdale,clogesdale3m@prnewswire.com,Male,142.252.65.145
132,Warner,Pursehouse,wpursehouse3n@abc.net.au,Male,25.238.163.143
133,Francisca,Deakins,fdeakins3o@biglobe.ne.jp,Female,83.7.185.208
134,Dedie,Czajkowska,dczajkowska3p@ask.com,Female,250.246.144.109
135,Torie,Crocken,tcrocken3q@economist.com,Female,125.176.212.138
136,Fedora,Dawby,fdawby3r@wikipedia.org,Female,195.70.253.189
137,Gui,Terrington,gterrington3s@salon.com,Female,182.193.180.152
138,Alberto,Ossulton,aossulton3t@cbsnews.com,Male,170.167.159.242
139,Alyson,Mathen,amathen3u@prweb.com,Female,42.215.218.0
140,Barbara,Kubin,bkubin3v@amazon.co.uk,Female,83.88.210.38
141,Albrecht,Keighley,akeighley3w@wiley.com,Male,236.16.0.251
142,Bobbye,Rubbens,brubbens3x@shinystat.com,Female,241.38.246.54
143,Stanleigh,Burnel,sburnel3y@cisco.com,Male,255.86.183.140
144,Jilleen,Quinane,jquinane3z@walmart.com,Female,184.222.90.131
145,Hayyim,Merill,hmerill40@wikipedia.org,Male,203.112.9.100
146,Darryl,Lubbock,dlubbock41@last.fm,Female,252.19.244.165
147,Basil,Glennie,bglennie42@aboutads.info,Male,142.53.24.132
148,Dacia,Osmant,dosmant43@yale.edu,Female,14.129.23.25
149,Marthe,Hobben,mhobben44@mashable.com,Female,195.237.8.5
150,Reina,McElrath,rmcelrath45@state.tx.us,Female,196.133.85.166
151,Colin,Fancutt,cfancutt46@ted.com,Male,237.163.37.59
152,Timothea,Fludder,tfludder47@mashable.com,Female,136.98.150.208
153,Jose,Fauguel,jfauguel48@foxnews.com,Male,34.89.193.11
154,Juieta,Derry,jderry49@craigslist.org,Female,169.237.121.97
155,Reagen,Vidineev,rvidineev4a@thetimes.co.uk,Male,62.109.139.1
156,Riannon,Perche,rperche4b@liveinternet.ru,Female,170.46.190.145
157,Crystie,Casaletto,ccasaletto4c@so-net.ne.jp,Female,223.42.117.122
158,Patsy,Dreschler,pdreschler4d@home.pl,Male,120.149.125.131
159,Boy,Espadas,bespadas4e@hp.com,Male,27.47.151.90
160,Frieda,Oxtiby,foxtiby4f@gmpg.org,Female,167.51.235.105
161,Sally,Klemke,sklemke4g@narod.ru,Female,191.48.114.16
162,Erik,Adolf,eadolf4h@technorati.com,Male,182.208.90.209
163,Joly,Ceney,jceney4i@newsvine.com,Female,190.176.67.252
164,Garvey,Izkoveski,gizkoveski4j@domainmarket.com,Male,135.210.37.143
165,Beatrix,Fairbourn,bfairbourn4k@uol.com.br,Female,168.181.216.58
166,Sheelah,Bartels-Ellis,sbartelsellis4l@ovh.net,Female,15.160.11.113
167,Avram,Baker,abaker4m@webeden.co.uk,Male,97.9.69.206
168,Kaja,Yell,kyell4n@twitpic.com,Female,69.1.205.228
169,Ainslie,Saffe,asaffe4o@xing.com,Female,181.182.238.101
170,Darrel,Bellany,dbellany4p@uiuc.edu,Male,62.178.166.96
171,Lucille,Rittelmeyer,lrittelmeyer4q@google.ru,Female,109.145.56.41
172,Harriet,Daglish,hdaglish4r@usgs.gov,Female,21.180.228.67
173,Mireielle,Kardos-Stowe,mkardosstowe4s@vimeo.com,Female,103.93.87.38
174,Jewel,Pirouet,jpirouet4t@theguardian.com,Female,111.59.8.201
175,Garrek,Saenz,gsaenz4u@noaa.gov,Male,180.54.74.84
176,Gregg,De Witt,gdewitt4v@unblog.fr,Male,64.41.167.95
177,Cathleen,Lishmund,clishmund4w@wordpress.com,Female,37.124.96.190
178,Elbertina,Penney,epenney4x@gravatar.com,Female,128.19.48.241
179,Larisa,Percy,lpercy4y@trellian.com,Female,52.4.43.63
180,Lonnard,Ben-Aharon,lbenaharon4z@comsenz.com,Male,234.58.165.150
181,Virginie,Broster,vbroster50@smugmug.com,Female,215.10.166.23
182,Dylan,Mithun,dmithun51@tinyurl.com,Male,88.111.54.171
183,Jere,Merigon,jmerigon52@alexa.com,Female,49.187.200.150
184,Gwendolen,Matchett,gmatchett53@mapquest.com,Female,136.50.193.187
185,Yankee,Emons,yemons54@blogspot.com,Male,111.82.168.249
186,Alaric,Filewood,afilewood55@scribd.com,Male,63.30.30.244
187,Brent,Garvill,bgarvill56@cnbc.com,Male,27.174.159.182
188,Johann,Kennaird,jkennaird57@baidu.com,Male,3.2.77.219
189,Tomas,Olivetta,tolivetta58@delicious.com,Male,104.26.96.162
190,Stephine,Morgan,smorgan59@alibaba.com,Female,55.42.215.122
191,Rainer,Tinsley,rtinsley5a@google.co.jp,Male,207.32.13.157
192,Jessee,Eberts,jeberts5b@zimbio.com,Male,255.226.122.172
193,Adella,Fillon,afillon5c@symantec.com,Female,195.254.205.61
194,Blayne,Milsom,bmilsom5d@godaddy.com,Male,125.63.111.238
195,Alphard,Heynen,aheynen5e@ox.ac.uk,Male,230.200.48.126
196,Nobie,Quinby,nquinby5f@msn.com,Male,161.132.144.61
197,Dode,Hattoe,dhattoe5g@nyu.edu,Female,21.227.10.239
198,Pris,Schule,pschule5h@ocn.ne.jp,Female,46.131.42.1
199,Edward,Frichley,efrichley5i@cbsnews.com,Male,227.33.251.208
200,Oby,Pizer,opizer5j@webs.com,Male,217.185.160.224
201,Giralda,McMichan,gmcmichan5k@bandcamp.com,Female,123.221.180.59
202,Boone,Kuller,bkuller5l@reference.com,Male,161.78.253.233
203,Dorine,Jameson,djameson5m@hc360.com,Female,31.231.202.98
204,Addy,Goncalo,agoncalo5n@bloglovin.com,Male,90.187.93.66
205,Beniamino,Burnhams,bburnhams5o@oracle.com,Male,188.27.158.13
206,Egor,Bowerbank,ebowerbank5p@xrea.com,Male,101.41.254.90
207,Lorrin,Thornebarrow,lthornebarrow5q@arizona.edu,Female,179.51.194.234
208,Dannie,Locks,dlocks5r@sourceforge.net,Male,228.223.55.238
209,Ferris,Milborn,fmilborn5s@bizjournals.com,Male,166.31.167.26
210,Marcelo,Poytres,mpoytres5t@seesaa.net,Male,233.147.58.64
211,Arty,Stanhope,astanhope5u@bigcartel.com,Male,14.245.193.220
212,Rosanne,Calverley,rcalverley5v@psu.edu,Female,42.46.124.98
213,Sherrie,Whiteside,swhiteside5w@mashable.com,Female,242.62.202.225
214,Arlyn,Wootton,awootton5x@feedburner.com,Female,54.98.76.64
215,Octavius,Butts,obutts5y@fc2.com,Male,250.241.70.15
216,Rana,Wroe,rwroe5z@columbia.edu,Female,204.130.133.165
217,Ambrose,Maith,amaith60@harvard.edu,Male,236.211.47.161
218,Roi,Phillput,rphillput61@latimes.com,Male,226.181.252.75
219,Rakel,Pawelski,rpawelski62@macromedia.com,Female,164.103.128.158
220,Park,Moxon,pmoxon63@cargocollective.com,Male,244.180.98.109
221,Penny,Manuelli,pmanuelli64@npr.org,Female,14.138.220.2
222,Godfry,Corradetti,gcorradetti65@loc.gov,Male,44.105.219.156
223,Thaxter,Keneford,tkeneford66@microsoft.com,Male,246.193.19.38
224,Jarrid,Byk,jbyk67@soup.io,Male,255.92.2.16
225,Grannie,Tennant,gtennant68@vkontakte.ru,Male,125.71.90.242
226,Sandy,Claiton,sclaiton69@cpanel.net,Female,74.93.96.186
227,Salomo,Dovidian,sdovidian6a@irs.gov,Male,69.152.248.181
228,Sileas,Ouslem,souslem6b@posterous.com,Female,20.68.121.70
229,Adan,Radenhurst,aradenhurst6c@usgs.gov,Female,190.80.221.166
230,Aubrey,Humes,ahumes6d@typepad.com,Female,47.221.117.213
231,Zachary,Bazire,zbazire6e@hhs.gov,Male,120.132.85.128
232,Rhianon,Creffeild,rcreffeild6f@loc.gov,Female,84.202.0.19
233,Martyn,Vasilyonok,mvasilyonok6g@cbsnews.com,Male,130.151.14.80
234,Conroy,Greenig,cgreenig6h@bbc.co.uk,Male,154.223.171.5
235,Pamela,Gelardi,pgelardi6i@goo.ne.jp,Female,187.69.18.72
236,Lenna,Shawel,lshawel6j@cbslocal.com,Female,9.189.244.127
237,Dell,Gierck,dgierck6k@craigslist.org,Female,233.59.184.27
238,Woodrow,Dellenbrok,wdellenbrok6l@cloudflare.com,Male,22.208.19.30
239,Ignacius,Borsnall,iborsnall6m@google.co.uk,Male,156.6.113.203
240,Moshe,Meletti,mmeletti6n@state.tx.us,Male,72.136.80.34
241,Guthry,Coaster,gcoaster6o@washington.edu,Male,120.25.150.154
242,Denis,Guilloud,dguilloud6p@intel.com,Male,161.68.124.82
243,Noble,St. Paul,nstpaul6q@cocolog-nifty.com,Male,40.9.176.255
244,Dickie,Rainsdon,drainsdon6r@shop-pro.jp,Male,170.155.157.246
245,Kevin,Ilchenko,kilchenko6s@mapy.cz,Male,45.106.162.175
246,Mirella,Tynnan,mtynnan6t@php.net,Female,26.98.183.196
247,Daisey,Downe,ddowne6u@zimbio.com,Female,176.77.43.129
248,Consalve,Atkyns,catkyns6v@geocities.jp,Male,135.206.93.68
249,Dal,Woodman,dwoodman6w@goo.ne.jp,Male,104.56.246.175
250,Cullen,Gronous,cgronous6x@berkeley.edu,Male,235.102.42.249
251,Ami,Currey,acurrey6y@icio.us,Female,161.68.113.234
252,Daryle,Eames,deames6z@abc.net.au,Male,71.63.191.172
253,Brittaney,Daniau,bdaniau70@canalblog.com,Female,165.227.228.15
254,Morgana,Ridger,mridger71@mac.com,Female,114.84.41.36
255,Evvie,Brannon,ebrannon72@psu.edu,Female,78.139.105.177
256,Margot,Dabnor,mdabnor73@hexun.com,Female,214.172.54.46
257,Sada,Ivanikov,sivanikov74@shinystat.com,Female,115.9.233.163
258,Lief,Gorwood,lgorwood75@domainmarket.com,Male,202.150.57.80
259,Clare,Butchers,cbutchers76@chronoengine.com,Female,78.181.42.143
260,Jonie,Bausor,jbausor77@biglobe.ne.jp,Female,30.57.82.254
261,Cloris,Hailwood,chailwood78@histats.com,Female,157.145.189.252
262,Tally,Holdey,tholdey79@yolasite.com,Male,53.239.251.141
263,Verge,Wringe,vwringe7a@theglobeandmail.com,Male,74.192.239.4
264,Marven,Dacey,mdacey7b@craigslist.org,Male,59.164.106.27
265,Olimpia,Rolph,orolph7c@soup.io,Female,26.32.17.4
266,Gris,Bisseker,gbisseker7d@vimeo.com,Male,18.113.170.223
267,Chrysler,Yarnall,cyarnall7e@mozilla.com,Female,83.50.62.40
268,Joycelin,Warby,jwarby7f@qq.com,Female,201.97.32.162
269,Broddie,Feldklein,bfeldklein7g@baidu.com,Male,59.162.122.73
270,Sherman,Stainton,sstainton7h@naver.com,Male,18.216.87.154
271,Tessi,Tuting,ttuting7i@ed.gov,Female,199.255.7.100
272,Germaine,O' Mahony,gomahony7j@wired.com,Male,43.162.6.78
273,Bowie,Mila,bmila7k@wunderground.com,Male,192.181.103.69
274,Vitoria,Taberner,vtaberner7l@jigsy.com,Female,84.21.55.235
275,Theo,Barrowclough,tbarrowclough7m@cargocollective.com,Male,147.142.84.200
276,Devy,Aberdalgy,daberdalgy7n@wordpress.com,Male,86.214.82.246
277,Cecily,Bartod,cbartod7o@amazon.co.uk,Female,15.218.67.34
278,Manya,Piegrome,mpiegrome7p@home.pl,Female,174.194.149.170
279,Fremont,Curlis,fcurlis7q@over-blog.com,Male,247.44.99.191
280,Guthrie,Collishaw,gcollishaw7r@timesonline.co.uk,Male,138.168.7.187
281,Emmalynne,Winnett,ewinnett7s@infoseek.co.jp,Female,50.110.238.59
282,Jessamyn,Cofax,jcofax7t@ask.com,Female,20.90.201.67
283,Ravid,Donat,rdonat7u@wikispaces.com,Male,69.50.134.145
284,Cesaro,Tuppeny,ctuppeny7v@opera.com,Male,118.71.179.99
285,Laughton,Vinall,lvinall7w@businesswire.com,Male,132.251.225.93
286,Netta,Duff,nduff7x@plala.or.jp,Female,55.250.7.154
287,Lothaire,Darrell,ldarrell7y@yellowbook.com,Male,89.35.104.78
288,Dael,Nilges,dnilges7z@php.net,Male,21.229.2.219
289,Broddie,Odo,bodo80@mozilla.com,Male,45.224.100.120
290,Hyacintha,Van Niekerk,hvanniekerk81@g.co,Female,131.5.185.70
291,Bevvy,Poyntz,bpoyntz82@zdnet.com,Female,42.50.54.159
292,Blake,Squibe,bsquibe83@jimdo.com,Female,232.45.31.225
293,Cathee,Risley,crisley84@bloomberg.com,Female,50.96.92.95
294,Rosalyn,Kryszkiecicz,rkryszkiecicz85@japanpost.jp,Female,54.31.102.233
295,Durand,Reiach,dreiach86@sciencedirect.com,Male,201.224.160.136
296,Kellyann,Vayro,kvayro87@chronoengine.com,Female,32.199.28.177
297,Renaldo,Drohun,rdrohun88@myspace.com,Male,13.93.176.135
298,Serena,Buckoke,sbuckoke89@cnn.com,Female,185.165.127.243
299,Eada,Gussie,egussie8a@phpbb.com,Female,204.48.194.180
300,Hurleigh,Rodolico,hrodolico8b@chron.com,Male,87.93.87.250
301,Cynthea,Pennells,cpennells8c@yale.edu,Female,176.32.109.92
302,Augie,Caffrey,acaffrey8d@i2i.jp,Male,51.34.35.26
303,Flor,Simons,fsimons8e@sciencedaily.com,Female,51.151.234.136
304,Konrad,MacDermand,kmacdermand8f@theglobeandmail.com,Male,33.59.41.158
305,Papagena,Levene,plevene8g@fotki.com,Female,149.225.40.15
306,Domingo,Ker,dker8h@nationalgeographic.com,Male,249.61.36.230
307,Jessey,Wallage,jwallage8i@hexun.com,Male,232.202.125.41
308,Cesare,Kenn,ckenn8j@about.me,Male,207.181.198.210
309,Neala,Bengall,nbengall8k@google.pl,Female,17.187.64.166
310,Roshelle,Dmitriev,rdmitriev8l@cmu.edu,Female,229.40.54.143
311,Aloysius,Habden,ahabden8m@live.com,Male,44.96.115.81
312,Zacherie,Slemming,zslemming8n@jimdo.com,Male,9.136.33.128
313,Arlina,Duerden,aduerden8o@stumbleupon.com,Female,187.182.37.93
314,Eliza,Cud,ecud8p@fastcompany.com,Female,135.46.58.81
315,Stevie,Navarre,snavarre8q@baidu.com,Male,133.108.236.27
316,Benjamen,Passie,bpassie8r@gravatar.com,Male,209.77.213.166
317,Eduino,Stiant,estiant8s@163.com,Male,151.40.190.127
318,Sammie,Legen,slegen8t@free.fr,Male,103.162.253.207
319,Chandler,Hullins,chullins8u@cnn.com,Male,71.43.226.158
320,Robers,Adamovich,radamovich8v@is.gd,Male,137.16.170.149
321,Fidelio,Tattam,ftattam8w@usatoday.com,Male,219.144.183.206
322,Juliana,Guilliland,jguilliland8x@epa.gov,Female,30.64.36.208
323,Lizzy,Hattigan,lhattigan8y@twitter.com,Female,49.36.234.178
324,Gerek,Uebel,guebel8z@ustream.tv,Male,181.104.188.125
325,Hesther,Pullan,hpullan90@house.gov,Female,255.40.174.212
326,Harvey,Franz-Schoninger,hfranzschoninger91@theglobeandmail.com,Male,6.0.141.67
327,Joachim,Veitch,jveitch92@wordpress.com,Male,80.18.210.50
328,Darnell,Hamments,dhamments93@taobao.com,Male,143.172.126.142
329,Eleanor,Jeacop,ejeacop94@shutterfly.com,Female,250.250.93.190
330,Ginni,Dobinson,gdobinson95@cbc.ca,Female,37.228.163.158
331,Vina,Scaddon,vscaddon96@tinyurl.com,Female,18.234.50.226
332,Clarke,Marien,cmarien97@webeden.co.uk,Male,176.28.189.8
333,Daisi,Levensky,dlevensky98@telegraph.co.uk,Female,115.116.146.57
334,Julieta,Dunseath,jdunseath99@sohu.com,Female,51.8.160.43
335,Shay,Ciccerale,sciccerale9a@cargocollective.com,Male,163.239.148.143
336,Ealasaid,Bedbrough,ebedbrough9b@google.de,Female,125.29.11.36
337,Glynis,Twidale,gtwidale9c@unicef.org,Female,23.168.50.173
338,Bear,Lesly,blesly9d@msn.com,Male,3.92.164.5
339,Montgomery,Sproston,msproston9e@howstuffworks.com,Male,56.53.22.52
340,Tara,Havock,thavock9f@irs.gov,Female,61.172.41.141
341,Alfy,Patroni,apatroni9g@go.com,Male,57.165.139.64
342,Clevey,McNaughton,cmcnaughton9h@oakley.com,Male,85.210.137.205
343,Tarrah,O'Rodane,torodane9i@ihg.com,Female,131.154.214.136
344,Carlie,Caldicott,ccaldicott9j@i2i.jp,Male,83.14.104.102
345,Pip,Colaco,pcolaco9k@about.com,Male,213.150.238.10
346,Hagen,Caser,hcaser9l@va.gov,Male,243.196.111.36
347,Mark,Brenneke,mbrenneke9m@flickr.com,Male,66.177.79.64
348,Ximenez,Debrett,xdebrett9n@aol.com,Male,211.140.61.99
349,Isabelle,Silmon,isilmon9o@utexas.edu,Female,129.163.234.131
350,Emera,Filipychev,efilipychev9p@addthis.com,Female,162.124.61.39
351,Amory,Revance,arevance9q@cdc.gov,Male,17.46.174.36
352,Jourdain,Linturn,jlinturn9r@arstechnica.com,Male,102.6.190.31
353,Henrieta,Simco,hsimco9s@ifeng.com,Female,12.215.132.114
354,Giana,Snelgar,gsnelgar9t@sun.com,Female,22.191.149.14
355,Sancho,Dumper,sdumper9u@bloglovin.com,Male,106.251.212.229
356,Gusella,Dearnly,gdearnly9v@photobucket.com,Female,151.14.67.76
357,Gwendolyn,Wyborn,gwyborn9w@altervista.org,Female,38.67.62.210
358,Mile,Morcom,mmorcom9x@flickr.com,Male,92.186.246.157
359,Corny,Bright,cbright9y@timesonline.co.uk,Female,79.255.141.43
360,Pavel,Bollen,pbollen9z@ovh.net,Male,156.171.23.95
361,Esma,Douthwaite,edouthwaitea0@uol.com.br,Female,218.100.47.21
362,Allard,Rutley,arutleya1@mail.ru,Male,119.130.122.239
363,Antony,Gillow,agillowa2@ucoz.com,Male,253.141.201.89
364,Luca,Tapin,ltapina3@webs.com,Male,252.161.81.46
365,Norby,Oxherd,noxherda4@amazon.de,Male,109.21.53.123
366,Dionne,Sulley,dsulleya5@seattletimes.com,Female,38.233.219.190
367,Franni,Gidney,fgidneya6@google.ru,Female,92.227.119.218
368,Tobye,Brabyn,tbrabyna7@army.mil,Female,199.224.23.155
369,Adolpho,Berick,abericka8@marriott.com,Male,27.151.180.245
370,Izak,D'Souza,idsouzaa9@woothemes.com,Male,174.3.8.175
371,Brigham,Couvet,bcouvetaa@soundcloud.com,Male,23.223.172.93
372,Camella,Osmar,cosmarab@wired.com,Female,244.148.187.193
373,Donnamarie,Bonnett,dbonnettac@rakuten.co.jp,Female,53.145.129.137
374,Prince,Kennaway,pkennawayad@woothemes.com,Male,203.232.122.90
375,Dorothee,Greyes,dgreyesae@businessinsider.com,Female,29.183.116.108
376,Fernando,Ciccarello,fciccarelloaf@vk.com,Male,102.147.249.74
377,Nelli,Maric,nmaricag@simplemachines.org,Female,108.76.230.251
378,Mannie,Tompkin,mtompkinah@icq.com,Male,109.92.232.234
379,Caterina,Stredwick,cstredwickai@hatena.ne.jp,Female,227.94.151.15
380,Carlos,Arrigucci,carrigucciaj@earthlink.net,Male,254.79.181.129
381,Templeton,Cockitt,tcockittak@nhs.uk,Male,121.10.186.0
382,Timmy,Mariner,tmarineral@123-reg.co.uk,Female,147.119.229.37
383,Jacklyn,Fuxman,jfuxmanam@mlb.com,Female,236.169.181.173
384,Gale,Kondrachenko,gkondrachenkoan@webnode.com,Female,144.151.30.71
385,Hilda,Edgworth,hedgworthao@pcworld.com,Female,126.19.108.8
386,Hunfredo,Hobden,hhobdenap@blog.com,Male,1.34.43.115
387,Janith,Stonary,jstonaryaq@reverbnation.com,Female,167.188.97.244
388,Farand,Rainsden,frainsdenar@guardian.co.uk,Female,88.208.37.104
389,Kimbra,Lazonby,klazonbyas@cisco.com,Female,77.243.49.100
390,Davy,MacArthur,dmacarthurat@moonfruit.com,Male,67.86.28.67
391,Brena,Barff,bbarffau@google.com.br,Female,148.35.116.189
392,Kiley,Raynes,kraynesav@stumbleupon.com,Male,108.154.23.156
393,Dunn,Haslam,dhaslamaw@globo.com,Male,88.145.190.2
394,Brigid,Foxwell,bfoxwellax@nifty.com,Female,218.190.47.159
395,Rorke,Winny,rwinnyay@seattletimes.com,Male,59.107.17.37
396,Tana,Joron,tjoronaz@mit.edu,Female,61.96.214.125
397,Tanney,Chern,tchernb0@soundcloud.com,Male,239.92.73.168
398,Harman,Choat,hchoatb1@nytimes.com,Male,35.87.67.222
399,Alexander,Meert,ameertb2@amazon.de,Male,84.92.17.250
400,Kalila,Farloe,kfarloeb3@surveymonkey.com,Female,250.137.254.207
401,Culley,Skarman,cskarmanb4@sogou.com,Male,84.40.23.89
402,Norean,Foch,nfochb5@dmoz.org,Female,140.132.164.63
403,Carol,Taynton,ctayntonb6@yelp.com,Female,210.186.206.167
404,Garvey,Cooper,gcooperb7@icio.us,Male,235.122.254.152
405,Dale,Archer,darcherb8@si.edu,Male,12.175.128.253
406,Berget,Kerley,bkerleyb9@1688.com,Female,54.198.21.175
407,Taber,Rounce,trounceba@go.com,Male,202.223.63.113
408,Carroll,Neljes,cneljesbb@icq.com,Male,195.133.70.47
409,Aggy,Purchase,apurchasebc@bbc.co.uk,Female,241.155.205.150
410,Henri,O' Liddy,holiddybd@cisco.com,Male,83.7.213.76
411,Ebba,Hanne,ehannebe@delicious.com,Female,88.215.79.253
412,Di,Slight,dslightbf@canalblog.com,Female,84.229.6.58
413,Carmela,Bispham,cbisphambg@indiatimes.com,Female,251.244.3.242
414,Kevyn,Peirazzi,kpeirazzibh@npr.org,Female,5.192.2.60
415,Gleda,Noir,gnoirbi@sun.com,Female,247.70.218.106
416,Willi,Sandom,wsandombj@umn.edu,Female,87.172.215.122
417,Stavros,Dade,sdadebk@freewebs.com,Male,228.69.117.242
418,Anna,Bullivent,abulliventbl@archive.org,Female,60.109.142.72
419,Adelbert,Sheldrick,asheldrickbm@fastcompany.com,Male,181.153.177.218
420,Nero,Ox,noxbn@ibm.com,Male,157.118.247.56
421,Nata,Checo,nchecobo@creativecommons.org,Female,122.184.207.58
422,Morten,Beeho,mbeehobp@posterous.com,Male,246.135.223.88
423,Benny,Sallery,bsallerybq@chronoengine.com,Female,211.218.59.36
424,Yuri,Fulkes,yfulkesbr@globo.com,Male,133.54.1.155
425,Dolley,Crunden,dcrundenbs@dailymotion.com,Female,84.184.194.69
426,Ennis,Slopier,eslopierbt@bing.com,Male,108.98.35.21
427,Cristobal,Ransom,cransombu@blogspot.com,Male,231.134.194.36
428,Branden,Smiley,bsmileybv@about.com,Male,4.211.104.165
429,Drucie,Greenroad,dgreenroadbw@twitpic.com,Female,123.179.8.11
430,Mina,Trivett,mtrivettbx@mapy.cz,Female,228.80.66.16
431,Maurice,Lindbergh,mlindberghby@europa.eu,Male,97.41.172.49
432,Worthington,Scatchard,wscatchardbz@npr.org,Male,88.153.123.225
433,Johanna,Coughlin,jcoughlinc0@360.cn,Female,139.213.19.88
434,Frederich,Botger,fbotgerc1@1und1.de,Male,97.93.159.239
435,Sylvester,Terrazzo,sterrazzoc2@youtube.com,Male,139.138.131.218
436,Gabbey,Annice,gannicec3@storify.com,Female,121.88.40.46
437,Inga,Brizell,ibrizellc4@google.cn,Female,55.202.46.8
438,Steffi,Diamant,sdiamantc5@simplemachines.org,Female,200.138.51.188
439,Kile,Hansod,khansodc6@weather.com,Male,197.37.81.17
440,Benjamin,Pattillo,bpattilloc7@dot.gov,Male,197.86.152.168
441,Skelly,Zimmermanns,szimmermannsc8@ted.com,Male,132.65.118.129
442,Anne-corinne,Swanwick,aswanwickc9@patch.com,Female,58.105.162.145
443,Adham,Vasse,avasseca@wufoo.com,Male,143.195.16.208
444,Rea,O'Sharry,rosharrycb@imageshack.us,Female,222.187.217.22
445,Adolf,MacMichael,amacmichaelcc@cornell.edu,Male,54.55.161.52
446,Shelton,Dimitriou,sdimitrioucd@about.me,Male,125.228.86.124
447,Kate,Menelaws,kmenelawsce@webnode.com,Female,204.98.73.36
448,Felipa,Bunstone,fbunstonecf@google.com,Female,180.226.101.18
449,Langston,Fallowes,lfallowescg@hp.com,Male,24.53.12.88
450,Zelda,Mollindinia,zmollindiniach@google.co.uk,Female,37.173.70.150
451,Elana,Tearle,etearleci@wp.com,Female,255.5.24.7
452,Teddy,Lantuff,tlantuffcj@disqus.com,Male,14.249.183.5
453,Tyne,Hasloch,thaslochck@sina.com.cn,Female,3.20.65.205
454,Sullivan,Mollitt,smollittcl@rediff.com,Male,117.15.239.124
455,Atalanta,Sutcliffe,asutcliffecm@imageshack.us,Female,180.92.182.114
456,Cortie,Moreman,cmoremancn@jiathis.com,Male,167.65.236.199
457,Christel,Extence,cextenceco@cbslocal.com,Female,28.119.114.33
458,Irvine,Cockhill,icockhillcp@vimeo.com,Male,171.133.151.164
459,Zenia,Birdfield,zbirdfieldcq@sakura.ne.jp,Female,159.208.36.78
460,Chas,Proudler,cproudlercr@google.ca,Male,1.92.57.121
461,Sigismondo,Pietz,spietzcs@sciencedirect.com,Male,184.31.231.87
462,Gilbertina,Clampe,gclampect@linkedin.com,Female,144.214.45.67
463,Mace,Duck,mduckcu@360.cn,Male,109.55.169.74
464,Mahmud,Feveryear,mfeveryearcv@zdnet.com,Male,160.179.190.208
465,Lizzie,Evesque,levesquecw@yale.edu,Female,74.90.190.189
466,Gratiana,Catton,gcattoncx@howstuffworks.com,Female,65.158.193.12
467,Roseline,Haselwood,rhaselwoodcy@issuu.com,Female,217.97.35.72
468,Edsel,Minty,emintycz@disqus.com,Male,200.178.201.64
469,Jehu,Ockleshaw,jockleshawd0@msn.com,Male,53.19.48.183
470,Keene,Waddam,kwaddamd1@salon.com,Male,168.245.221.13
471,Jackquelin,Bonney,jbonneyd2@usatoday.com,Female,133.13.47.78
472,Lalo,Shah,lshahd3@skyrock.com,Male,74.143.108.216
473,Carita,Skurm,cskurmd4@imageshack.us,Female,218.105.138.163
474,Layney,MacGraith,lmacgraithd5@webs.com,Female,34.48.87.174
475,Ole,Kilgrove,okilgroved6@yandex.ru,Male,225.181.77.221
476,Mildred,Dami,mdamid7@oakley.com,Female,19.33.89.122
477,Scotty,Jopke,sjopked8@princeton.edu,Male,115.156.179.29
478,Jacobo,Rixon,jrixond9@github.io,Male,202.205.30.51
479,Wilmer,Charles,wcharlesda@wikia.com,Male,203.129.44.213
480,Demetri,Abrahart,dabrahartdb@google.de,Male,11.12.223.182
481,Kalle,Moynham,kmoynhamdc@cyberchimps.com,Male,51.127.110.195
482,Pascal,Baddoe,pbaddoedd@census.gov,Male,133.135.151.100
483,Elinore,Sambidge,esambidgede@google.nl,Female,140.44.171.82
484,Klara,Trahair,ktrahairdf@vistaprint.com,Female,126.16.149.199
485,Orland,Ridger,oridgerdg@reddit.com,Male,96.148.23.225
486,Inigo,Castaner,icastanerdh@alexa.com,Male,85.39.143.164
487,Horacio,Exon,hexondi@ihg.com,Male,3.213.9.235
488,Wolfy,Pedley,wpedleydj@mapy.cz,Male,218.206.131.150
489,Ambrosius,Klesel,akleseldk@zimbio.com,Male,52.171.205.198
490,Gilles,Matei,gmateidl@theguardian.com,Male,101.110.68.75
491,Heloise,Fallows,hfallowsdm@loc.gov,Female,28.121.119.230
492,Farand,Boullin,fboullindn@yale.edu,Female,136.29.231.22
493,Renate,Woodland,rwoodlanddo@i2i.jp,Female,127.225.93.93
494,Marne,Petracco,mpetraccodp@topsy.com,Female,146.165.172.46
495,Goldina,Dalton,gdaltondq@mysql.com,Female,167.86.152.79
496,Michaela,Winson,mwinsondr@lycos.com,Female,247.136.63.129
497,Ermentrude,Yukhin,eyukhinds@ftc.gov,Female,2.123.10.133
498,Winfred,Schwandt,wschwandtdt@comcast.net,Male,50.220.105.144
499,Maison,Trudgion,mtrudgiondu@merriam-webster.com,Male,192.31.80.215
500,Aubrey,McGifford,amcgifforddv@economist.com,Male,251.16.100.212
501,Hyacintha,Bonnefin,hbonnefindw@usda.gov,Female,65.122.240.62
502,Agnella,Akroyd,aakroyddx@xing.com,Female,32.21.128.33
503,Pet,Force,pforcedy@1688.com,Female,155.147.237.11
504,Marybelle,Heinle,mheinledz@toplist.cz,Female,231.101.209.186
505,Nollie,Glavias,nglaviase0@shareasale.com,Male,137.40.165.142
506,Courtenay,Avrahamian,cavrahamiane1@mtv.com,Female,11.235.149.37
507,Jesse,Couch,jcouche2@senate.gov,Male,179.183.210.14
508,Carlye,Chesterton,cchestertone3@elegantthemes.com,Female,195.176.50.19
509,Archibaldo,Adnam,aadname4@jalbum.net,Male,84.109.197.209
510,Codi,Keeney,ckeeneye5@wikispaces.com,Male,43.206.63.95
511,Isidoro,Dannohl,idannohle6@about.me,Male,42.207.45.230
512,Ker,Bruniges,kbrunigese7@google.ru,Male,50.141.253.73
513,Isa,de Pinna,idepinnae8@php.net,Female,161.144.112.194
514,Corey,Bitchener,cbitchenere9@disqus.com,Male,214.124.82.67
515,Ingaberg,Fairman,ifairmanea@narod.ru,Female,248.129.20.62
516,Amber,Portress,aportresseb@fotki.com,Female,3.105.166.18
517,Arney,Menhci,amenhciec@usatoday.com,Male,239.233.57.28
518,Morley,Tonepohl,mtonepohled@nymag.com,Male,2.82.67.37
519,Dallis,Halksworth,dhalksworthee@gov.uk,Male,198.197.166.169
520,Claudius,Adamiec,cadamiecef@hostgator.com,Male,251.59.147.82
521,Kate,Ingerson,kingersoneg@myspace.com,Female,86.55.195.246
522,Dell,Whetton,dwhettoneh@berkeley.edu,Male,59.59.244.221
523,Thom,Hickin,thickinei@friendfeed.com,Male,210.201.161.232
524,Denise,Heining,dheiningej@washingtonpost.com,Female,1.205.185.235
525,Dall,Jenne,djenneek@washingtonpost.com,Male,4.159.43.168
526,Kacie,Bapty,kbaptyel@amazon.co.uk,Female,151.43.149.33
527,Stephenie,Gannicott,sgannicottem@accuweather.com,Female,83.146.48.30
528,Taite,Huc,thucen@skyrock.com,Male,255.252.127.131
529,Meir,Guerreiro,mguerreiroeo@hugedomains.com,Male,1.13.66.161
530,Gnni,Whitford,gwhitfordep@goodreads.com,Female,212.90.29.23
531,Adams,Ogley,aogleyeq@theglobeandmail.com,Male,186.214.173.236
532,Neil,Erswell,nersweller@apache.org,Male,125.180.28.26
533,Zared,Eyres,zeyreses@apple.com,Male,142.170.234.180
534,Phaedra,Spohr,pspohret@fema.gov,Female,73.46.246.132
535,Dag,Laminman,dlaminmaneu@list-manage.com,Male,65.103.190.77
536,Shawna,Stolworthy,sstolworthyev@elegantthemes.com,Female,68.127.95.116
537,Tina,Della,tdellaew@arstechnica.com,Female,130.164.213.241
538,Pauly,Sherrocks,psherrocksex@flavors.me,Male,162.64.73.175
539,Hunfredo,Oxbrow,hoxbrowey@unicef.org,Male,71.62.133.128
540,Ode,Dryburgh,odryburghez@php.net,Male,255.86.124.111
541,Gay,Tash,gtashf0@pbs.org,Male,186.112.120.79
542,Chiquita,Haveline,chavelinef1@flickr.com,Female,52.157.51.89
543,Jeanelle,Gailor,jgailorf2@webs.com,Female,253.198.69.39
544,Juline,Olsson,jolssonf3@blogspot.com,Female,39.53.72.72
545,Rinaldo,Harman,rharmanf4@dropbox.com,Male,230.80.150.26
546,Yolane,Tombs,ytombsf5@usnews.com,Female,104.213.230.124
547,Shelley,Kerner,skernerf6@bigcartel.com,Male,172.32.161.243
548,Pier,Yerlett,pyerlettf7@flickr.com,Female,110.75.23.119
549,Anna-diana,Arrol,aarrolf8@salon.com,Female,2.154.69.190
550,Pamelina,Bourget,pbourgetf9@princeton.edu,Female,6.37.79.14
551,Pip,Jirak,pjirakfa@hatena.ne.jp,Male,50.244.106.101
552,Fifine,Vasilevich,fvasilevichfb@quantcast.com,Female,207.117.153.146
553,Marya,Castletine,mcastletinefc@shop-pro.jp,Female,128.193.124.225
554,Odessa,Bernetti,obernettifd@stanford.edu,Female,38.222.218.229
555,Jaquelyn,Catlette,jcatlettefe@chronoengine.com,Female,22.134.201.72
556,Dinnie,Ciobotaru,dciobotaruff@dmoz.org,Female,126.18.109.168
557,Myriam,Giraudou,mgiraudoufg@va.gov,Female,70.239.97.83
558,Mead,Jillis,mjillisfh@cnbc.com,Male,246.244.122.52
559,Thaddus,Busse,tbussefi@wikimedia.org,Male,103.218.69.67
560,Cissiee,Killiner,ckillinerfj@exblog.jp,Female,138.136.217.4
561,Ariel,Godmer,agodmerfk@examiner.com,Female,212.30.147.232
562,Bucky,Gotthard,bgotthardfl@quantcast.com,Male,33.148.118.47
563,Pennie,Rankin,prankinfm@symantec.com,Male,248.31.196.59
564,Jerrilyn,Ricardot,jricardotfn@latimes.com,Female,189.225.225.13
565,Kelcy,Lokier,klokierfo@technorati.com,Female,208.220.191.64
566,Merrie,Pesterfield,mpesterfieldfp@usnews.com,Female,22.220.14.90
567,Sela,Svanini,ssvaninifq@webeden.co.uk,Female,137.99.7.169
568,Euell,Demcik,edemcikfr@amazonaws.com,Male,158.95.82.110
569,Ruprecht,Combes,rcombesfs@marketwatch.com,Male,133.122.176.110
570,Perren,Siddens,psiddensft@walmart.com,Male,185.166.157.163
571,Bernard,Dowderswell,bdowderswellfu@boston.com,Male,160.124.226.186
572,Philippa,Troyes,ptroyesfv@digg.com,Female,115.168.154.140
573,Mortie,Ackenson,mackensonfw@geocities.com,Male,238.78.227.63
574,Gerhardt,Peachman,gpeachmanfx@youtube.com,Male,85.93.238.94
575,Marcella,Evesque,mevesquefy@apache.org,Female,212.223.207.171
576,Quint,Logsdale,qlogsdalefz@thetimes.co.uk,Male,31.209.76.27
577,Lila,Tinton,ltintong0@yahoo.com,Female,21.68.49.100
578,Emylee,Ixor,eixorg1@uol.com.br,Female,73.254.243.5
579,Livy,Monkley,lmonkleyg2@toplist.cz,Female,216.172.94.147
580,Jehu,Blackborn,jblackborng3@cmu.edu,Male,186.243.26.176
581,Noak,Cargill,ncargillg4@si.edu,Male,165.24.248.48
582,Lothario,De Roeck,lderoeckg5@mac.com,Male,221.13.223.49
583,Hartley,Hawtin,hhawting6@berkeley.edu,Male,28.235.177.141
584,Worden,Solly,wsollyg7@newyorker.com,Male,209.10.172.68
585,Alva,Perrelle,aperrelleg8@nyu.edu,Male,233.26.28.141
586,Hermie,Origin,horiging9@nytimes.com,Male,6.35.63.152
587,Elvin,Attridge,eattridgega@cdbaby.com,Male,39.125.97.251
588,Donna,Loosely,dlooselygb@dyndns.org,Female,8.105.90.132
589,Micah,Serle,mserlegc@over-blog.com,Male,44.177.219.208
590,Hendrik,Tenbrug,htenbruggd@histats.com,Male,102.180.65.5
591,Erskine,Coules,ecoulesge@free.fr,Male,240.5.1.220
592,Corrie,Jepson,cjepsongf@seesaa.net,Male,134.155.200.29
593,Jon,Leggen,jleggengg@sphinn.com,Male,192.173.160.153
594,Deva,Pantling,dpantlinggh@senate.gov,Female,9.115.219.202
595,Ofelia,Jope,ojopegi@indiatimes.com,Female,33.202.7.71
596,Ruthann,Sautter,rsauttergj@wordpress.com,Female,138.245.116.73
597,Libbey,Witherington,lwitheringtongk@alibaba.com,Female,20.49.70.54
598,Valencia,Joselin,vjoselingl@amazon.de,Female,61.92.126.37
599,Delano,Lockhurst,dlockhurstgm@quantcast.com,Male,51.243.58.193
600,Lester,Meekings,lmeekingsgn@cnn.com,Male,9.63.147.58
601,Sholom,Bovis,sbovisgo@cyberchimps.com,Male,73.94.1.18
602,Lefty,Winteringham,lwinteringhamgp@miitbeian.gov.cn,Male,83.193.159.182
603,Arlinda,Ortells,aortellsgq@columbia.edu,Female,160.215.252.135
604,Gwenore,Croxton,gcroxtongr@ft.com,Female,159.145.165.224
605,Magda,Wetherby,mwetherbygs@woothemes.com,Female,114.245.163.64
606,Maynord,Beetles,mbeetlesgt@nih.gov,Male,239.44.236.157
607,Jolynn,Batters,jbattersgu@state.tx.us,Female,138.195.156.149
608,Julieta,Patry,jpatrygv@zdnet.com,Female,1.67.16.248
609,Terry,Walklott,twalklottgw@cocolog-nifty.com,Female,106.216.168.66
610,Dinah,Collyns,dcollynsgx@ocn.ne.jp,Female,237.98.194.237
611,Caldwell,Esselen,cesselengy@paypal.com,Male,154.179.250.182
612,Annmaria,Egle,aeglegz@surveymonkey.com,Female,224.119.38.69
613,Del,Pass,dpassh0@biglobe.ne.jp,Female,136.134.179.28
614,Alejandrina,Romaint,aromainth1@drupal.org,Female,108.198.39.123
615,Mellicent,Sisse,msisseh2@epa.gov,Female,75.108.242.176
616,Kippie,Pauletto,kpaulettoh3@cbc.ca,Female,86.234.53.46
617,Tabb,Marlin,tmarlinh4@uol.com.br,Male,19.167.189.134
618,Wernher,Alldred,walldredh5@ovh.net,Male,42.82.132.66
619,Ferdinande,Zuanelli,fzuanellih6@cdc.gov,Female,233.245.31.101
620,Gennie,Kenworth,gkenworthh7@arstechnica.com,Female,44.16.233.6
621,Tanny,Bartosiak,tbartosiakh8@europa.eu,Male,253.95.209.253
622,Jaymie,Balshaw,jbalshawh9@vinaora.com,Male,84.239.29.78
623,Holly-anne,Readshaw,hreadshawha@typepad.com,Female,10.25.220.110
624,Anders,Fauning,afauninghb@slideshare.net,Male,11.161.55.33
625,Adolphe,Boswell,aboswellhc@blinklist.com,Male,112.236.30.211
626,Lettie,Bentham,lbenthamhd@xrea.com,Female,88.240.198.235
627,Gabriel,Bentham3,gbenthamhe@delicious.com,Female,224.129.207.151
628,Stearne,Durrad,sdurradhf@imdb.com,Male,88.56.75.203
629,Barret,Wyke,bwykehg@cdc.gov,Male,62.61.123.199
630,Arline,Cast,acasthh@latimes.com,Female,41.9.90.202
631,Dani,Bownd,dbowndhi@mozilla.org,Male,228.225.194.163
632,Malachi,Le Houx,mlehouxhj@spotify.com,Male,74.90.8.178
633,Ruthi,Wainscoat,rwainscoathk@oakley.com,Female,138.193.28.244
634,Elias,Novotni,enovotnihl@google.pl,Male,149.193.28.77
635,Eleonore,Szimoni,eszimonihm@usgs.gov,Female,228.247.39.56
636,Tonya,Castledine,tcastledinehn@purevolume.com,Female,59.142.72.169
637,Tiler,Twinbrow,ttwinbrowho@uiuc.edu,Male,85.172.211.220
638,Tadeas,Danes,tdaneshp@hostgator.com,Male,153.211.109.20
639,Karlene,Simmgen,ksimmgenhq@hp.com,Female,55.231.227.130
640,Klement,Sturch,ksturchhr@drupal.org,Male,236.159.154.119
641,Montgomery,Reeds,mreedshs@ftc.gov,Male,187.104.63.250
642,Myron,Eisikowitch,meisikowitchht@abc.net.au,Male,154.36.4.186
643,Clint,Poynser,cpoynserhu@arstechnica.com,Male,179.224.136.19
644,Hollis,Barajas,hbarajashv@51.la,Male,54.35.84.188
645,Dietrich,Offell,doffellhw@tripadvisor.com,Male,97.222.211.173
646,Nikki,Shobbrook,nshobbrookhx@wikipedia.org,Male,93.208.0.20
647,Cassaundra,Staples,cstapleshy@state.tx.us,Female,78.237.11.178
648,Boonie,Ledwidge,bledwidgehz@businessinsider.com,Male,1.197.17.71
649,Husain,Baldetti,hbaldettii0@rambler.ru,Male,116.84.123.236
650,Jonathon,Ling,jlingi1@prnewswire.com,Male,120.69.27.40
651,Babs,Busain,bbusaini2@cdc.gov,Female,33.113.145.139
652,Neely,Jukes,njukesi3@slate.com,Female,63.45.132.39
653,Emory,Picott,epicotti4@flickr.com,Male,150.28.0.248
654,Eartha,Janaszewski,ejanaszewskii5@mail.ru,Female,222.65.188.44
655,Ulric,Philippart,uphilipparti6@usda.gov,Male,47.162.149.163
656,Rochester,Hopkyns,rhopkynsi7@exblog.jp,Male,37.30.5.236
657,Shelley,Segot,ssegoti8@wikispaces.com,Female,79.183.127.77
658,Sigfried,Milkin,smilkini9@rakuten.co.jp,Male,199.101.66.168
659,Horacio,Leverich,hleverichia@qq.com,Male,2.166.130.13
660,Graeme,Prewett,gprewettib@google.com,Male,158.131.207.250
661,Ileana,Hance,ihanceic@aol.com,Female,150.152.142.129
662,Ulrike,Valentinetti,uvalentinettiid@patch.com,Female,250.234.174.253
663,Ali,Amber,aamberie@multiply.com,Female,66.109.11.213
664,Annice,Mitchinson,amitchinsonif@indiegogo.com,Female,119.190.245.235
665,Frederico,Schimank,fschimankig@imdb.com,Male,80.58.248.94
666,Tracey,Shanks,tshanksih@cam.ac.uk,Male,76.201.29.53
667,Dara,Reddell,dreddellii@disqus.com,Female,249.135.93.162
668,Dena,Peron,dperonij@auda.org.au,Female,73.187.243.20
669,Coraline,Blackborough,cblackboroughik@dagondesign.com,Female,196.162.141.79
670,Lindsay,McKoy,lmckoyil@google.pl,Male,140.80.5.0
671,Delmar,Westphalen,dwestphalenim@sourceforge.net,Male,155.34.145.230
672,Perla,Tirone,ptironein@vinaora.com,Female,17.219.58.94
673,Forester,Ringsell,fringsellio@webnode.com,Male,21.102.159.199
674,Monah,Dorkin,mdorkinip@ovh.net,Female,236.164.133.152
675,Honor,Prebble,hprebbleiq@imgur.com,Female,249.71.234.94
676,Teddie,Martinek,tmartinekir@npr.org,Female,134.178.99.31
677,Corbet,Peebles,cpeeblesis@tuttocitta.it,Male,51.8.49.169
678,Terrel,Blowin,tblowinit@google.com,Male,103.144.148.58
679,Benny,Abrahmer,babrahmeriu@miitbeian.gov.cn,Female,221.17.5.216
680,Annice,Priditt,apridittiv@wiley.com,Female,169.72.211.36
681,Tome,Tweedy,ttweedyiw@instagram.com,Male,225.148.195.160
682,Brent,Avrahamian,bavrahamianix@chronoengine.com,Male,255.30.54.215
683,Winston,Lygoe,wlygoeiy@google.es,Male,80.202.16.126
684,Pippy,Elner,pelneriz@netvibes.com,Female,117.194.56.155
685,Doralynne,Ertelt,derteltj0@csmonitor.com,Female,187.139.12.69
686,Holt,Lambden,hlambdenj1@comcast.net,Male,251.7.149.91
687,Nicolis,Tithecott,ntithecottj2@wordpress.com,Male,55.167.246.252
688,Bink,Dunmuir,bdunmuirj3@xinhuanet.com,Male,55.162.89.165
689,Bearnard,Hachette,bhachettej4@pbs.org,Male,188.180.108.192
690,Raina,Larking,rlarkingj5@mapquest.com,Female,220.184.132.239
691,Shane,Rohloff,srohloffj6@ucoz.com,Male,252.2.254.248
692,Barny,Sigg,bsiggj7@ucla.edu,Male,139.167.215.213
693,Waly,Massingham,wmassinghamj8@europa.eu,Female,159.228.93.182
694,Cammie,Yerrall,cyerrallj9@bbc.co.uk,Female,112.137.19.246
695,Katharine,Eliet,kelietja@scribd.com,Female,27.116.72.233
696,Camilla,Bastiman,cbastimanjb@squidoo.com,Female,231.156.37.216
697,Cati,McGaw,cmcgawjc@marriott.com,Female,39.43.72.2
698,Felita,Marshfield,fmarshfieldjd@ihg.com,Female,102.194.47.53
699,Josepha,De Vries,jdevriesje@samsung.com,Female,42.98.212.186
700,Emmott,Coneron,econeronjf@wiley.com,Male,185.73.198.63
701,Nev,Reiner,nreinerjg@howstuffworks.com,Male,60.49.8.128
702,Emmye,Jaycocks,ejaycocksjh@forbes.com,Female,144.252.223.182
703,Maye,Baskerville,mbaskervilleji@indiegogo.com,Female,57.27.90.160
704,Alissa,Milazzo,amilazzojj@tumblr.com,Female,191.161.126.93
705,Gabriel,Ponten,gpontenjk@bravesites.com,Female,142.26.234.252
706,Alexio,Bengefield,abengefieldjl@dedecms.com,Male,253.53.248.229
707,Kristan,Cheesley,kcheesleyjm@bizjournals.com,Female,112.93.37.126
708,Sandie,Liver,sliverjn@census.gov,Female,194.82.62.53
709,Korry,Blazynski,kblazynskijo@cnn.com,Female,215.241.193.56
710,Krissie,Kedge,kkedgejp@i2i.jp,Female,231.45.90.25
711,Orelia,Pilbeam,opilbeamjq@trellian.com,Female,50.185.106.51
712,Giacobo,Dutton,gduttonjr@washington.edu,Male,174.145.231.149
713,Kincaid,Stennes,kstennesjs@pcworld.com,Male,146.146.90.150
714,Marjorie,Crisall,mcrisalljt@bravesites.com,Female,84.229.213.57
715,Guy,Gask,ggaskju@google.com.hk,Male,27.156.70.132
716,Greer,Maidment,gmaidmentjv@wikimedia.org,Female,89.109.197.179
717,Benjamen,Gibbetts,bgibbettsjw@hhs.gov,Male,147.98.80.17
718,Redd,Wheelwright,rwheelwrightjx@amazon.co.uk,Male,249.79.205.192
719,Brigitte,Singers,bsingersjy@over-blog.com,Female,40.84.140.201
720,Egbert,Rylett,erylettjz@webnode.com,Male,208.76.223.15
721,Aeriell,Pafford,apaffordk0@ed.gov,Female,46.145.200.92
722,Rafael,Streeton,rstreetonk1@upenn.edu,Male,232.111.203.189
723,Worthy,Rosenkranc,wrosenkranck2@google.ca,Male,189.92.34.238
724,Park,Wreak,pwreakk3@google.nl,Male,58.115.143.188
725,Penelope,Sazio,psaziok4@telegraph.co.uk,Female,9.248.65.33
726,Vernor,Cheke,vchekek5@gov.uk,Male,144.91.0.91
727,Eliza,Rampton,eramptonk6@dion.ne.jp,Female,246.215.247.168
728,Wendall,Childerhouse,wchilderhousek7@cdbaby.com,Male,95.177.205.238
729,Syman,Edon,sedonk8@berkeley.edu,Male,72.183.180.215
730,Annnora,Oliff,aoliffk9@reddit.com,Female,135.191.83.111
731,Bron,Hambribe,bhambribeka@google.com.hk,Male,33.70.24.196
732,Madge,Spaxman,mspaxmankb@blogspot.com,Female,172.72.98.0
733,Mable,Jeannin,mjeanninkc@opensource.org,Female,162.69.202.220
734,Benoit,Camus,bcamuskd@fotki.com,Male,174.248.213.192
735,Claudia,Lattos,clattoske@reverbnation.com,Female,82.214.81.235
736,Micheline,Regina,mreginakf@simplemachines.org,Female,132.147.196.144
737,Josiah,Plenderleith,jplenderleithkg@seesaa.net,Male,106.20.164.224
738,Byron,Bengal,bbengalkh@blogger.com,Male,40.194.222.109
739,Nikola,Thornton-Dewhirst,nthorntondewhirstki@sogou.com,Male,82.76.142.208
740,Gibby,Wehnerr,gwehnerrkj@comsenz.com,Male,179.153.41.79
741,Lodovico,Valasek,lvalasekkk@pen.io,Male,19.203.159.71
742,Willis,Levington,wlevingtonkl@businessweek.com,Male,174.28.177.34
743,Lolly,Jouannin,ljouanninkm@reuters.com,Female,92.17.121.170
744,Errick,Peile,epeilekn@mozilla.org,Male,45.181.234.130
745,Kathi,Chelsom,kchelsomko@dropbox.com,Female,66.247.148.145
746,Frazier,Dann,fdannkp@sitemeter.com,Male,80.84.203.75
747,Lizabeth,Sawdon,lsawdonkq@tmall.com,Female,255.3.139.142
748,Lauree,Biggerstaff,lbiggerstaffkr@livejournal.com,Female,237.62.106.175
749,Niko,Halladey,nhalladeyks@google.ca,Male,46.245.230.127
750,Dasya,Whitloe,dwhitloekt@bbb.org,Female,191.164.186.126
751,Magda,Blumer,mblumerku@jigsy.com,Female,130.80.10.246
752,Talyah,Fulk,tfulkkv@theguardian.com,Female,110.97.76.87
753,Maxi,Merryfield,mmerryfieldkw@cloudflare.com,Female,116.244.27.38
754,Isadore,Fomichyov,ifomichyovkx@ow.ly,Male,118.95.197.240
755,Catarina,Kareman,ckaremanky@freewebs.com,Female,47.221.96.145
756,Everett,Perrelle,eperrellekz@virginia.edu,Male,176.231.126.135
757,Boy,Heams,bheamsl0@taobao.com,Male,21.107.22.13
758,Rosalie,Skett,rskettl1@webmd.com,Female,97.202.36.108
759,Jemmie,Travers,jtraversl2@google.ca,Female,28.159.209.83
760,Shanie,Thumann,sthumannl3@home.pl,Female,121.14.3.7
761,Glori,Barnet,gbarnetl4@newsvine.com,Female,213.166.74.131
762,Berna,Pittford,bpittfordl5@answers.com,Female,180.135.227.64
763,Brandy,Keogh,bkeoghl6@oaic.gov.au,Female,67.37.123.5
764,Ardelle,Kynastone,akynastonel7@cbslocal.com,Female,45.191.48.121
765,Whitaker,Gooms,wgoomsl8@narod.ru,Male,33.86.81.40
766,Merola,Bryns,mbrynsl9@home.pl,Female,158.236.205.165
767,Tiebout,Goodlip,tgoodlipla@jugem.jp,Male,33.152.13.143
768,Vin,Meininger,vmeiningerlb@shinystat.com,Male,43.192.39.177
769,Carlee,Helstrip,chelstriplc@discuz.net,Female,137.248.89.126
770,Ginger,Sidery,gsideryld@sciencedirect.com,Male,124.222.46.211
771,Cordelia,Clowney,cclowneyle@zimbio.com,Female,156.117.162.20
772,Griselda,Barnsdale,gbarnsdalelf@tuttocitta.it,Female,195.36.218.14
773,Andrey,Stiell,astielllg@imdb.com,Male,122.131.202.104
774,Nolly,Gainsborough,ngainsboroughlh@google.fr,Male,117.49.161.137
775,Isabella,Sherwen,isherwenli@yellowbook.com,Female,179.229.196.105
776,Stearn,Quinnell,squinnelllj@moonfruit.com,Male,39.135.170.97
777,Jaime,Normansell,jnormanselllk@wsj.com,Male,9.189.7.159
778,Briggs,Richmont,brichmontll@blogger.com,Male,128.229.24.174
779,Therine,Powney,tpowneylm@aol.com,Female,211.20.246.85
780,Wash,Godspeede,wgodspeedeln@time.com,Male,234.182.95.188
781,Stephen,Corde,scordelo@house.gov,Male,254.165.196.123
782,Carolee,Frie,cfrielp@vinaora.com,Female,239.80.165.137
783,Melonie,Betser,mbetserlq@wisc.edu,Female,65.19.9.9
784,Rafaelia,Jarmain,rjarmainlr@latimes.com,Female,43.214.173.153
785,Romain,Taffe,rtaffels@state.gov,Male,161.171.46.78
786,Kali,Kynan,kkynanlt@archive.org,Female,174.4.128.241
787,Opalina,Amott,oamottlu@gov.uk,Female,11.25.230.67
788,Cara,Ricart,cricartlv@newsvine.com,Female,185.246.220.118
789,Farly,Mohammad,fmohammadlw@smh.com.au,Male,16.35.203.219
790,Hinda,Leyre,hleyrelx@time.com,Female,84.46.136.86
791,Neda,Anstie,nanstiely@pen.io,Female,174.118.191.152
792,Augustus,Sever,aseverlz@ibm.com,Male,48.13.12.173
793,Nikos,Featenby,nfeatenbym0@quantcast.com,Male,205.89.32.81
794,Barn,Stocker,bstockerm1@nps.gov,Male,156.138.87.81
795,Truda,Entres,tentresm2@va.gov,Female,153.233.53.172
796,Edwin,Webburn,ewebburnm3@pen.io,Male,115.116.63.132
797,Darelle,Stiebler,dstieblerm4@toplist.cz,Female,145.57.31.36
798,Chrissy,Helliker,chellikerm5@imdb.com,Male,203.242.68.182
799,Staford,Redgrove,sredgrovem6@w3.org,Male,130.21.149.146
800,Kip,Paulsson,kpaulssonm7@nytimes.com,Female,80.5.132.85
801,Franchot,Lucy,flucym8@jigsy.com,Male,146.199.251.73
802,Candy,Imlen,cimlenm9@wp.com,Female,50.201.102.65
803,Denver,Hardiman,dhardimanma@google.com,Male,212.210.88.235
804,Dominica,Ionnidis,dionnidismb@chicagotribune.com,Female,58.213.135.236
805,Cass,Blundin,cblundinmc@people.com.cn,Male,17.128.30.246
806,Laural,Lomen,llomenmd@ycombinator.com,Female,119.153.185.51
807,Emera,McLean,emcleanme@sitemeter.com,Female,109.185.183.21
808,Gifford,Aleksankin,galeksankinmf@tinyurl.com,Male,138.166.128.120
809,Haze,Murdy,hmurdymg@acquirethisname.com,Male,1.114.92.203
810,Alisander,Hallas,ahallasmh@oakley.com,Male,36.5.35.77
811,Red,Bigglestone,rbigglestonemi@wordpress.com,Male,108.22.169.143
812,Waylin,Maynard,wmaynardmj@umich.edu,Male,25.153.90.78
813,Allyn,Simmen,asimmenmk@ibm.com,Female,132.17.155.100
814,Drusy,East,deastml@hc360.com,Female,195.20.59.199
815,Ursa,Blanc,ublancmm@photobucket.com,Female,182.176.196.206
816,Arnold,Hartell,ahartellmn@jimdo.com,Male,33.186.173.14
817,Nickie,Gallamore,ngallamoremo@google.es,Male,143.68.156.132
818,Walt,Reef,wreefmp@answers.com,Male,46.158.176.163
819,Farlay,Tytcomb,ftytcombmq@tripadvisor.com,Male,126.27.185.242
820,Berny,Critcher,bcritchermr@go.com,Male,223.230.109.134
821,Brittney,Buck,bbuckms@lulu.com,Female,153.146.119.227
822,Ephrem,Littledyke,elittledykemt@digg.com,Male,99.215.55.247
823,Pattie,Coper,pcopermu@oakley.com,Male,236.154.28.146
824,Petey,Seldner,pseldnermv@reddit.com,Male,209.236.244.29
825,Rozina,Drewell,rdrewellmw@businessinsider.com,Female,120.34.134.156
826,Mellicent,Whitlow,mwhitlowmx@house.gov,Female,44.9.205.41
827,Kyla,McDuall,kmcduallmy@ucla.edu,Female,126.237.237.19
828,Vidovik,Gillis,vgillismz@forbes.com,Male,146.96.43.209
829,Mae,Cicci,mciccin0@nyu.edu,Female,29.19.220.221
830,Arabella,Adne,aadnen1@jigsy.com,Female,159.78.245.235
831,Deni,Coggen,dcoggenn2@dropbox.com,Female,202.147.218.61
832,Brett,Woods,bwoodsn3@behance.net,Female,55.38.212.110
833,Rebeka,Ladley,rladleyn4@dailymail.co.uk,Female,239.130.186.180
834,Sadye,Bakhrushkin,sbakhrushkinn5@edublogs.org,Female,249.235.0.207
835,Patti,Butlin,pbutlinn6@yahoo.co.jp,Female,16.60.196.193
836,Ricky,Feldman,rfeldmann7@smh.com.au,Male,11.49.5.215
837,Ramsay,Currao,rcurraon8@facebook.com,Male,205.49.79.101
838,Mattias,Kemme,mkemmen9@salon.com,Male,107.41.177.28
839,Angelica,Ross,arossna@nationalgeographic.com,Female,235.115.176.5
840,Jesus,Hardesty,jhardestynb@yahoo.com,Male,64.89.46.181
841,Herb,Tempest,htempestnc@jimdo.com,Male,85.111.128.204
842,Barret,Kingescot,bkingescotnd@nydailynews.com,Male,145.247.58.203
843,Mayne,Meckiff,mmeckiffne@squidoo.com,Male,87.250.77.9
844,Averill,Howsley,ahowsleynf@unesco.org,Male,239.196.193.182
845,Kiel,Cunio,kcuniong@europa.eu,Male,31.75.70.98
846,Christy,Lerhinan,clerhinannh@reference.com,Female,147.127.42.204
847,Eugenio,Stockbridge,estockbridgeni@businessweek.com,Male,186.156.124.211
848,Vincenz,Wateridge,vwateridgenj@pbs.org,Male,235.202.54.160
849,Sherm,Itzkovici,sitzkovicink@ft.com,Male,46.237.6.182
850,Berkly,Vauls,bvaulsnl@wired.com,Male,243.141.175.41
851,Hunt,Ferriday,hferridaynm@gmpg.org,Male,108.77.126.80
852,Hana,Fewster,hfewsternn@salon.com,Female,101.155.78.43
853,Alic,Signoret,asignoretno@mayoclinic.com,Male,228.96.249.206
854,Casey,Schindler,cschindlernp@booking.com,Male,212.73.140.21
855,Clemmy,Spacey,cspaceynq@zdnet.com,Male,63.90.65.202
856,Henryetta,Aloigi,haloiginr@google.es,Female,228.248.148.67
857,Aldous,Foulgham,afoulghamns@purevolume.com,Male,59.28.242.244
858,Malcolm,Pattesall,mpattesallnt@acquirethisname.com,Male,133.72.48.139
859,Madelyn,Halvorsen,mhalvorsennu@yandex.ru,Female,148.194.234.3
860,Andy,Drogan,adrogannv@businesswire.com,Male,34.160.47.158
861,Alika,Brogiotti,abrogiottinw@joomla.org,Female,234.39.135.61
862,Lauretta,Relph,lrelphnx@cornell.edu,Female,219.124.12.199
863,Elisha,Antushev,eantushevny@sogou.com,Female,248.59.141.63
864,Ella,Carous,ecarousnz@statcounter.com,Female,243.30.3.51
865,Violette,Benezeit,vbenezeito0@list-manage.com,Female,104.116.247.228
866,Pacorro,Clemente,pclementeo1@msu.edu,Male,74.4.187.174
867,Nichole,Martinat,nmartinato2@technorati.com,Male,192.174.219.203
868,Oswald,Edmons,oedmonso3@tinypic.com,Male,181.7.235.164
869,Doralia,Birchner,dbirchnero4@ucoz.com,Female,229.194.118.214
870,Isador,Costelloe,icostelloeo5@pagesperso-orange.fr,Male,10.153.249.93
871,Marietta,Malenoir,mmalenoiro6@ezinearticles.com,Male,122.186.99.12
872,Benedetto,Pimlock,bpimlocko7@e-recht24.de,Male,147.30.230.68
873,Desdemona,Paterno,dpaternoo8@examiner.com,Female,33.120.238.226
874,Mirelle,Sever,msevero9@sourceforge.net,Female,203.144.138.239
875,Minerva,Benedit,mbeneditoa@nydailynews.com,Female,164.186.157.197
876,Erinn,Sowthcote,esowthcoteob@yahoo.com,Female,244.6.12.79
877,Abie,Revie,arevieoc@economist.com,Male,174.237.46.48
878,Malina,Tulloch,mtullochod@mayoclinic.com,Female,59.110.68.223
879,Chanda,Paddon,cpaddonoe@angelfire.com,Female,160.43.94.102
880,Hakim,Crake,hcrakeof@photobucket.com,Male,14.98.26.0
881,Pavla,Blinco,pblincoog@squarespace.com,Female,156.192.234.72
882,Jaquenetta,Buckland,jbucklandoh@mozilla.com,Female,5.59.123.113
883,Neddie,Adlington,nadlingtonoi@woothemes.com,Male,242.169.151.94
884,Hayes,Ilieve,hilieveoj@trellian.com,Male,35.209.107.56
885,Boyce,Garnham,bgarnhamok@histats.com,Male,200.194.14.43
886,Chickie,Hardin,chardinol@elegantthemes.com,Male,82.249.224.203
887,Livy,Fidell,lfidellom@bandcamp.com,Female,44.45.131.78
888,Barthel,Hanway,bhanwayon@qq.com,Male,68.2.230.74
889,Domenic,Hamson,dhamsonoo@ning.com,Male,147.16.33.51
890,Albie,Hannis,ahannisop@smugmug.com,Male,22.181.215.198
891,Luis,Riach,lriachoq@cisco.com,Male,233.181.79.204
892,Roseann,Klehyn,rklehynor@studiopress.com,Female,178.71.19.219
893,Elmira,Andreasen,eandreasenos@businessinsider.com,Female,219.29.166.47
894,Kleon,Galland,kgallandot@va.gov,Male,96.139.65.220
895,Janelle,George,jgeorgeou@google.co.jp,Female,129.125.163.125
896,Cynthy,Stayt,cstaytov@yelp.com,Female,120.18.48.15
897,Ynez,Bouts,yboutsow@hostgator.com,Female,216.253.69.167
898,Bab,Littell,blittellox@pinterest.com,Female,207.122.46.145
899,Aubert,Pettigree,apettigreeoy@unc.edu,Male,11.45.159.216
900,Hali,Dumbell,hdumbelloz@reddit.com,Female,185.121.46.142
901,Granthem,Gotthard,ggotthardp0@noaa.gov,Male,132.97.217.204
902,Marcelline,Gatehouse,mgatehousep1@trellian.com,Female,93.110.214.251
903,Collin,Simeoni,csimeonip2@msu.edu,Male,25.234.32.101
904,Payton,Gristock,pgristockp3@alexa.com,Male,75.32.87.110
905,Wyatt,Davage,wdavagep4@skyrock.com,Male,158.67.241.58
906,Maxim,Phaup,mphaupp5@irs.gov,Male,221.248.151.231
907,Noah,Seckom,nseckomp6@marketwatch.com,Male,173.63.30.216
908,Rollie,Aitchison,raitchisonp7@economist.com,Male,187.129.149.103
909,Shea,Gaynor,sgaynorp8@abc.net.au,Female,64.182.154.49
910,Kippar,Holttom,kholttomp9@microsoft.com,Male,228.194.36.129
911,Alissa,Magauran,amagauranpa@elpais.com,Female,131.18.78.142
912,Evyn,Arnke,earnkepb@unicef.org,Male,20.127.20.197
913,Gordan,Mohammed,gmohammedpc@issuu.com,Male,247.24.115.165
914,Adeline,Elsmore,aelsmorepd@scientificamerican.com,Female,16.139.6.44
915,Marcile,McWard,mmcwardpe@pagesperso-orange.fr,Female,206.93.116.53
916,Red,Stack,rstackpf@feedburner.com,Male,248.125.126.232
917,Lesley,de Guerre,ldeguerrepg@mediafire.com,Male,236.255.46.87
918,Melinde,Minto,mmintoph@amazonaws.com,Female,10.177.174.226
919,Norine,Boyfield,nboyfieldpi@microsoft.com,Female,121.14.123.205
920,Lorenzo,Chart,lchartpj@constantcontact.com,Male,7.105.33.136
921,Francene,Spadeck,fspadeckpk@flickr.com,Female,2.111.208.182
922,David,Sertin,dsertinpl@engadget.com,Male,146.231.50.29
923,Nestor,Goodbar,ngoodbarpm@csmonitor.com,Male,71.26.239.196
924,Norah,Salzen,nsalzenpn@salon.com,Female,85.187.236.81
925,Hallie,Obell,hobellpo@nps.gov,Female,154.43.197.69
926,Sandor,Duffil,sduffilpp@g.co,Male,101.162.147.221
927,Ricky,Brinkman,rbrinkmanpq@newsvine.com,Female,32.204.166.61
928,Auberta,Grimsdith,agrimsdithpr@wp.com,Female,209.19.182.122
929,Laura,Ferreira,lferreiraps@google.com.br,Female,221.95.12.61
930,Mariel,Drakeford,mdrakefordpt@youku.com,Female,3.27.204.63
931,Charline,OIlier,coilierpu@ucsd.edu,Female,25.79.233.204
932,Gilberto,Pfiffer,gpfifferpv@mapy.cz,Male,215.65.105.42
933,Neila,Teasey,nteaseypw@umn.edu,Female,138.73.100.208
934,Lucius,Sabati,lsabatipx@typepad.com,Male,219.77.29.192
935,Murvyn,Mottley,mmottleypy@uol.com.br,Male,249.4.139.64
936,Nona,Tixall,ntixallpz@sohu.com,Female,72.80.229.206
937,Bo,Salleir,bsalleirq0@cmu.edu,Male,130.51.6.33
938,Perry,Doxsey,pdoxseyq1@mtv.com,Female,227.216.48.12
939,Nealon,Boxhall,nboxhallq2@zimbio.com,Male,170.205.217.233
940,Sal,Lacoste,slacosteq3@nsw.gov.au,Male,60.182.5.5
941,Hobart,Fairholme,hfairholmeq4@mail.ru,Male,87.72.151.31
942,Fianna,Lipp,flippq5@chron.com,Female,5.86.241.105
943,Anestassia,Royans,aroyansq6@ezinearticles.com,Female,43.98.26.175
944,Allister,Burlingham,aburlinghamq7@ed.gov,Male,95.60.95.125
945,Lyndy,Novelli,lnovelliq8@google.ca,Female,3.137.58.224
946,Rory,Coker,rcokerq9@joomla.org,Male,230.33.135.248
947,Alta,Napoleon,anapoleonqa@flavors.me,Female,26.66.34.182
948,Creight,Danielli,cdanielliqb@xrea.com,Male,97.184.168.85
949,Inglis,Garfoot,igarfootqc@domainmarket.com,Male,237.148.160.91
950,Kordula,Vouls,kvoulsqd@shareasale.com,Female,198.224.101.199
951,Hamid,Mosdill,hmosdillqe@youku.com,Male,197.64.45.43
952,Nev,Todman,ntodmanqf@sun.com,Male,237.62.141.144
953,Annette,St. Queintain,astqueintainqg@apache.org,Female,70.134.154.35
954,Carlotta,Lownds,clowndsqh@mail.ru,Female,93.221.141.140
955,Sinclair,Reignard,sreignardqi@npr.org,Male,8.4.148.131
956,Care,Fullerlove,cfullerloveqj@illinois.edu,Male,150.180.30.164
957,Bonnie,Caillou,bcaillouqk@google.com.au,Female,183.218.75.0
958,Fielding,McNiff,fmcniffql@ask.com,Male,177.42.138.89
959,Loren,Nansom,lnansomqm@chronoengine.com,Female,213.62.142.63
960,Care,Speak,cspeakqn@eventbrite.com,Male,13.116.169.252
961,Anstice,Reuther,areutherqo@mozilla.com,Female,190.231.104.68
962,Remington,O' Cloney,rocloneyqp@infoseek.co.jp,Male,8.172.232.239
963,Paddie,Biddy,pbiddyqq@tumblr.com,Male,82.36.183.240
964,Bartolemo,Rallin,brallinqr@usa.gov,Male,12.248.185.195
965,Ichabod,Molian,imolianqs@accuweather.com,Male,14.40.167.119
966,Ervin,Blose,ebloseqt@cyberchimps.com,Male,123.68.155.151
967,Tam,Ropert,tropertqu@jiathis.com,Male,97.69.230.29
968,Mohammed,Cornejo,mcornejoqv@bizjournals.com,Male,164.123.122.59
969,Mario,Feldmesser,mfeldmesserqw@myspace.com,Male,191.252.40.220
970,Forest,Pittle,fpittleqx@amazon.co.jp,Male,67.132.55.91
971,Davon,Markovic,dmarkovicqy@theguardian.com,Male,195.126.54.156
972,Vinnie,Bredgeland,vbredgelandqz@zimbio.com,Male,148.159.52.231
973,Jocelyn,Mapholm,jmapholmr0@mac.com,Female,135.162.19.110
974,Bird,Bish,bbishr1@apache.org,Female,37.198.6.35
975,Ezri,Vischi,evischir2@artisteer.com,Male,223.47.165.251
976,Gilbertine,Polin,gpolinr3@chron.com,Female,252.7.109.113
977,Hayes,Bootland,hbootlandr4@bloglines.com,Male,26.12.205.123
978,Gaby,Lawton,glawtonr5@ask.com,Female,160.145.209.234
979,Neile,Gadesby,ngadesbyr6@ucla.edu,Female,87.136.44.181
980,Lindon,Eblein,lebleinr7@t.co,Male,52.220.130.187
981,Clarke,Ledekker,cledekkerr8@psu.edu,Male,174.65.138.96
982,Ester,Ballentime,eballentimer9@independent.co.uk,Female,234.159.33.113
983,Abie,Beston,abestonra@cnn.com,Male,13.38.131.94
984,Selina,Paik,spaikrb@princeton.edu,Female,139.111.233.118
985,Avrom,Foye,afoyerc@drupal.org,Male,167.230.187.142
986,Kevina,Gwyther,kgwytherrd@nhs.uk,Female,199.47.92.98
987,Shalom,Lamerton,slamertonre@loc.gov,Male,169.43.115.222
988,Emilio,Kesby,ekesbyrf@dropbox.com,Male,185.215.46.100
989,Pegeen,Kingsnoad,pkingsnoadrg@loc.gov,Female,209.218.64.157
990,Dayle,Walshe,dwalsherh@cyberchimps.com,Female,58.131.182.77
991,Merrielle,Molder,mmolderri@arizona.edu,Female,170.234.111.216
992,Traver,Ungaretti,tungarettirj@europa.eu,Male,205.90.207.175
993,Birch,Dudill,bdudillrk@house.gov,Male,167.127.17.234
994,Thebault,Reschke,treschkerl@virginia.edu,Male,90.232.149.105
995,Sansone,Surplice,ssurplicerm@ocn.ne.jp,Male,70.121.190.106
996,Lesley,Margetson,lmargetsonrn@yolasite.com,Female,255.210.112.139
997,Di,Birchner,dbirchnerro@intel.com,Female,231.180.52.133
998,Lind,Jeduch,ljeduchrp@github.io,Male,98.4.216.154
999,Vachel,Yukhnin,vyukhninrq@github.io,Male,196.199.161.100
1000,Walker,Schuler,wschulerrr@gnu.org,Male,110.103.89.251
